Order_ID,Size,Color,Order,Detail_Divan,Buyer_ID,Order_Date,Finish_Date,Price
1,160,Abu-Abu,Tipe1,Biasa,1,11/1/2020,11/8/2020,1200000
2,180,Abu-Abu,Tipe1,Biasa,1,11/1/2020,11/8/2020,1200000
3,120,Coklat,Tipe1,Biasa,1,11/1/2020,11/8/2020,1200000
4,160,Coklat,Tipe1,Biasa,1,11/1/2020,11/8/2020,1200000
5,180,Coklat,Tipe2,Biasa,1,11/1/2020,11/8/2020,700000
6,160,Hitam,Tipe2,Biasa,1,11/1/2020,11/8/2020,700000
7,160,Merah,Tipe2,Biasa,1,11/1/2020,11/8/2020,700000
8,160,Hitam,Tipe3,Biasa,1,11/1/2020,11/8/2020,1100000
9,160,Hitam,Tipe3,Biasa,1,11/1/2020,11/8/2020,1100000
10,160,Pink,Tipe3,Biasa,1,11/1/2020,11/8/2020,1100000
11,160,Abu-Abu,Tipe4,Biasa,1,11/1/2020,11/8/2020,1300000
12,180,Hitam,Tipe4,Biasa,1,11/1/2020,11/8/2020,1300000
13,160,Coklat,Tipe4,Laci,1,11/1/2020,11/8/2020,1600000
14,160,Pink,Tipe2,Permata,1,11/1/2020,11/8/2020,1300000
15,160,Abu-Abu,Tipe1,Biasa,2,11/2/2020,11/9/2020,1200000
16,120,Hitam,Tipe1,Biasa,2,11/2/2020,11/9/2020,1200000
17,180,Hitam,Tipe1,Biasa,2,11/2/2020,11/9/2020,1200000
18,160,Abu-Abu,Tipe2,Biasa,2,11/2/2020,11/9/2020,700000
19,160,Coklat,Tipe2,Biasa,2,11/2/2020,11/9/2020,700000
20,180,Hitam,Tipe2,Biasa,2,11/2/2020,11/9/2020,700000
21,120,Coklat,Tipe3,Biasa,2,11/2/2020,11/9/2020,1100000
22,160,Hitam,Tipe3,Biasa,2,11/2/2020,11/9/2020,1100000
23,160,Hitam,Tipe3,Biasa,2,11/2/2020,11/9/2020,1100000
24,120,Pink,Tipe3,Biasa,2,11/2/2020,11/9/2020,1100000
25,160,Hitam,Tipe4,Biasa,2,11/2/2020,11/9/2020,1300000
26,180,Pink,Tipe4,Biasa,2,11/2/2020,11/9/2020,1300000
27,180,Hitam,Tipe2,Laci,2,11/2/2020,11/9/2020,1000000
28,160,Abu-Abu,Tipe4,Permata,2,11/2/2020,11/9/2020,1900000
29,160,Hitam,Tipe1,Biasa,1,11/8/2020,11/15/2020,1200000
30,160,Merah,Tipe1,Biasa,1,11/8/2020,11/15/2020,1200000
31,160,Coklat,Tipe2,Biasa,1,11/8/2020,11/15/2020,700000
32,120,Hitam,Tipe2,Biasa,1,11/8/2020,11/15/2020,700000
33,160,Hitam,Tipe2,Biasa,1,11/8/2020,11/15/2020,700000
34,160,Hitam,Tipe2,Biasa,1,11/8/2020,11/15/2020,700000
35,160,Hitam,Tipe2,Biasa,1,11/8/2020,11/15/2020,700000
36,140,Pink,Tipe2,Biasa,1,11/8/2020,11/15/2020,700000
37,140,Abu-Abu,Tipe3,Biasa,1,11/8/2020,11/15/2020,1100000
38,120,Pink,Tipe3,Biasa,1,11/8/2020,11/15/2020,1100000
39,140,Hitam,Tipe4,Biasa,1,11/8/2020,11/15/2020,1300000
40,160,Hitam,Tipe2,Laci,1,11/8/2020,11/15/2020,1000000
41,160,Hitam,Tipe4,Laci,1,11/8/2020,11/15/2020,1600000
42,140,Abu-Abu,Tipe3,Permata,1,11/8/2020,11/15/2020,1700000
43,120,Hitam,Tipe1,Biasa,2,11/9/2020,11/16/2020,1200000
44,140,Hitam,Tipe1,Biasa,2,11/9/2020,11/16/2020,1200000
45,140,Abu-Abu,Tipe2,Biasa,2,11/9/2020,11/16/2020,700000
46,160,Abu-Abu,Tipe2,Biasa,2,11/9/2020,11/16/2020,700000
47,140,Coklat,Tipe2,Biasa,2,11/9/2020,11/16/2020,700000
48,160,Coklat,Tipe2,Biasa,2,11/9/2020,11/16/2020,700000
49,160,Coklat,Tipe2,Biasa,2,11/9/2020,11/16/2020,700000
50,140,Pink,Tipe2,Biasa,2,11/9/2020,11/16/2020,700000
51,160,Hitam,Tipe3,Biasa,2,11/9/2020,11/16/2020,1100000
52,160,Hitam,Tipe3,Biasa,2,11/9/2020,11/16/2020,1100000
53,180,Hitam,Tipe3,Biasa,2,11/9/2020,11/16/2020,1100000
54,180,Hitam,Tipe3,Biasa,2,11/9/2020,11/16/2020,1100000
55,140,Coklat,Tipe4,Biasa,2,11/9/2020,11/16/2020,1300000
56,140,Hitam,Tipe2,Permata,2,11/9/2020,11/16/2020,1300000
57,160,Abu-Abu,Tipe1,Biasa,1,11/15/2020,11/22/2020,1200000
58,160,Coklat,Tipe1,Biasa,1,11/15/2020,11/22/2020,1200000
59,180,Coklat,Tipe1,Biasa,1,11/15/2020,11/22/2020,1200000
60,160,Hitam,Tipe2,Biasa,1,11/15/2020,11/22/2020,700000
61,180,Hitam,Tipe2,Biasa,1,11/15/2020,11/22/2020,700000
62,180,Hitam,Tipe2,Biasa,1,11/15/2020,11/22/2020,700000
63,140,Coklat,Tipe3,Biasa,1,11/15/2020,11/22/2020,1100000
64,140,Hitam,Tipe3,Biasa,1,11/15/2020,11/22/2020,1100000
65,180,Merah,Tipe3,Biasa,1,11/15/2020,11/22/2020,1100000
66,160,Abu-Abu,Tipe4,Biasa,1,11/15/2020,11/22/2020,1300000
67,140,Coklat,Tipe4,Biasa,1,11/15/2020,11/22/2020,1300000
68,160,Hitam,Tipe4,Biasa,1,11/15/2020,11/22/2020,1300000
69,160,Hitam,Tipe4,Biasa,1,11/15/2020,11/22/2020,1300000
70,120,Hitam,Tipe2,Permata,1,11/15/2020,11/22/2020,1300000
71,120,Abu-Abu,Tipe1,Biasa,2,11/16/2020,11/23/2020,1200000
72,160,Abu-Abu,Tipe1,Biasa,2,11/16/2020,11/23/2020,1200000
73,180,Hitam,Tipe1,Biasa,2,11/16/2020,11/23/2020,1200000
74,160,Abu-Abu,Tipe2,Biasa,2,11/16/2020,11/23/2020,700000
75,160,Abu-Abu,Tipe2,Biasa,2,11/16/2020,11/23/2020,700000
76,160,Coklat,Tipe2,Biasa,2,11/16/2020,11/23/2020,700000
77,120,Hitam,Tipe2,Biasa,2,11/16/2020,11/23/2020,700000
78,160,Hitam,Tipe2,Biasa,2,11/16/2020,11/23/2020,700000
79,160,Coklat,Tipe3,Biasa,2,11/16/2020,11/23/2020,1100000
80,140,Hitam,Tipe3,Biasa,2,11/16/2020,11/23/2020,1100000
81,180,Hitam,Tipe3,Biasa,2,11/16/2020,11/23/2020,1100000
82,120,Coklat,Tipe4,Biasa,2,11/16/2020,11/23/2020,1300000
83,180,Coklat,Tipe2,Permata,2,11/16/2020,11/23/2020,1300000
84,140,Hitam,Tipe2,Permata,2,11/16/2020,11/23/2020,1300000
85,140,Hitam,Tipe1,Biasa,1,11/22/2020,11/29/2020,1200000
86,140,Abu-Abu,Tipe2,Biasa,1,11/22/2020,11/29/2020,700000
87,140,Abu-Abu,Tipe2,Biasa,1,11/22/2020,11/29/2020,700000
88,140,Abu-Abu,Tipe2,Biasa,1,11/22/2020,11/29/2020,700000
89,140,Hitam,Tipe2,Biasa,1,11/22/2020,11/29/2020,700000
90,160,Hitam,Tipe2,Biasa,1,11/22/2020,11/29/2020,700000
91,160,Coklat,Tipe3,Biasa,1,11/22/2020,11/29/2020,1100000
92,160,Abu-Abu,Tipe4,Biasa,1,11/22/2020,11/29/2020,1300000
93,140,Coklat,Tipe4,Biasa,1,11/22/2020,11/29/2020,1300000
94,160,Coklat,Tipe4,Biasa,1,11/22/2020,11/29/2020,1300000
95,160,Coklat,Tipe4,Biasa,1,11/22/2020,11/29/2020,1300000
96,160,Hitam,Tipe4,Biasa,1,11/22/2020,11/29/2020,1300000
97,160,Pink,Tipe4,Biasa,1,11/22/2020,11/29/2020,1300000
98,140,Hitam,Tipe2,Permata,1,11/22/2020,11/29/2020,1300000
99,160,Hitam,Tipe1,Biasa,2,11/23/2020,11/30/2020,1200000
100,160,Abu-Abu,Tipe2,Biasa,2,11/23/2020,11/30/2020,700000
101,160,Abu-Abu,Tipe2,Biasa,2,11/23/2020,11/30/2020,700000
102,160,Hitam,Tipe2,Biasa,2,11/23/2020,11/30/2020,700000
103,140,Merah,Tipe2,Biasa,2,11/23/2020,11/30/2020,700000
104,180,Coklat,Tipe3,Biasa,2,11/23/2020,11/30/2020,1100000
105,120,Hitam,Tipe4,Biasa,2,11/23/2020,11/30/2020,1300000
106,160,Abu-Abu,Tipe3,Laci,2,11/23/2020,11/30/2020,1400000
107,160,Coklat,Tipe1,Permata,2,11/23/2020,11/30/2020,180000
108,120,Merah,Tipe1,Permata,2,11/23/2020,11/30/2020,180000
109,160,Hitam,Tipe2,Permata,2,11/23/2020,11/30/2020,1300000
110,180,Hitam,Tipe2,Permata,2,11/23/2020,11/30/2020,1300000
111,180,Merah,Tipe2,Permata,2,11/23/2020,11/30/2020,1300000
112,180,Hitam,Tipe3,Permata,2,11/23/2020,11/30/2020,1700000
113,180,Merah,Tipe1,Biasa,1,11/29/2020,12/6/2020,1200000
114,140,Pink,Tipe1,Biasa,1,11/29/2020,12/6/2020,1200000
115,160,Pink,Tipe1,Biasa,1,11/29/2020,12/6/2020,1200000
116,140,Coklat,Tipe2,Biasa,1,11/29/2020,12/6/2020,700000
117,160,Hitam,Tipe2,Biasa,1,11/29/2020,12/6/2020,700000
118,160,Hitam,Tipe2,Biasa,1,11/29/2020,12/6/2020,700000
119,160,Hitam,Tipe2,Biasa,1,11/29/2020,12/6/2020,700000
120,180,Hitam,Tipe2,Biasa,1,11/29/2020,12/6/2020,700000
121,180,Hitam,Tipe2,Biasa,1,11/29/2020,12/6/2020,700000
122,140,Hitam,Tipe3,Biasa,1,11/29/2020,12/6/2020,1100000
123,160,Hitam,Tipe3,Biasa,1,11/29/2020,12/6/2020,1100000
124,140,Abu-Abu,Tipe2,Permata,1,11/29/2020,12/6/2020,1300000
125,160,Merah,Tipe2,Permata,1,11/29/2020,12/6/2020,1300000
126,120,Hitam,Tipe3,Permata,1,11/29/2020,12/6/2020,1700000
127,160,Abu-Abu,Tipe1,Biasa,2,11/30/2020,12/7/2020,1200000
128,180,Coklat,Tipe2,Biasa,2,11/30/2020,12/7/2020,700000
129,160,Pink,Tipe2,Biasa,2,11/30/2020,12/7/2020,700000
130,180,Pink,Tipe2,Biasa,2,11/30/2020,12/7/2020,700000
131,160,Coklat,Tipe3,Biasa,2,11/30/2020,12/7/2020,1100000
132,160,Coklat,Tipe3,Biasa,2,11/30/2020,12/7/2020,1100000
133,140,Hitam,Tipe3,Biasa,2,11/30/2020,12/7/2020,1100000
134,160,Hitam,Tipe3,Biasa,2,11/30/2020,12/7/2020,1100000
135,160,Hitam,Tipe3,Biasa,2,11/30/2020,12/7/2020,1100000
136,180,Hitam,Tipe3,Biasa,2,11/30/2020,12/7/2020,1100000
137,160,Merah,Tipe3,Biasa,2,11/30/2020,12/7/2020,1100000
138,160,Coklat,Tipe4,Biasa,2,11/30/2020,12/7/2020,1300000
139,160,Hitam,Tipe3,Laci,2,11/30/2020,12/7/2020,1400000
140,160,Merah,Tipe2,Permata,2,11/30/2020,12/7/2020,1300000
141,120,Hitam,Tipe1,Biasa,1,12/6/2020,12/13/2020,1200000
142,160,Hitam,Tipe1,Biasa,1,12/6/2020,12/13/2020,1200000
143,160,Merah,Tipe1,Biasa,1,12/6/2020,12/13/2020,1200000
144,180,Pink,Tipe1,Biasa,1,12/6/2020,12/13/2020,1200000
145,120,Abu-Abu,Tipe3,Biasa,1,12/6/2020,12/13/2020,1100000
146,160,Abu-Abu,Tipe3,Biasa,1,12/6/2020,12/13/2020,1100000
147,160,Coklat,Tipe3,Biasa,1,12/6/2020,12/13/2020,1100000
148,140,Merah,Tipe3,Biasa,1,12/6/2020,12/13/2020,1100000
149,140,Abu-Abu,Tipe4,Biasa,1,12/6/2020,12/13/2020,1300000
150,140,Hitam,Tipe4,Biasa,1,12/6/2020,12/13/2020,1300000
151,160,Hitam,Tipe4,Biasa,1,12/6/2020,12/13/2020,1300000
152,180,Pink,Tipe4,Biasa,1,12/6/2020,12/13/2020,1300000
153,160,Hitam,Tipe3,Laci,1,12/6/2020,12/13/2020,1400000
154,120,Coklat,Tipe3,Permata,1,12/6/2020,12/13/2020,1700000
155,160,Hitam,Tipe1,Biasa,2,12/7/2020,12/14/2020,1200000
156,160,Abu-Abu,Tipe2,Biasa,2,12/7/2020,12/14/2020,700000
157,160,Hitam,Tipe2,Biasa,2,12/7/2020,12/14/2020,700000
158,160,Hitam,Tipe2,Biasa,2,12/7/2020,12/14/2020,700000
159,160,Coklat,Tipe3,Biasa,2,12/7/2020,12/14/2020,1100000
160,160,Coklat,Tipe3,Biasa,2,12/7/2020,12/14/2020,1100000
161,160,Hitam,Tipe3,Biasa,2,12/7/2020,12/14/2020,1100000
162,160,Hitam,Tipe3,Biasa,2,12/7/2020,12/14/2020,1100000
163,120,Hitam,Tipe4,Biasa,2,12/7/2020,12/14/2020,1300000
164,160,Hitam,Tipe4,Biasa,2,12/7/2020,12/14/2020,1300000
165,140,Merah,Tipe4,Biasa,2,12/7/2020,12/14/2020,1300000
166,160,Pink,Tipe4,Biasa,2,12/7/2020,12/14/2020,1300000
167,160,Hitam,Tipe1,Laci,2,12/7/2020,12/14/2020,1500000
168,160,Abu-Abu,Tipe2,Permata,2,12/7/2020,12/14/2020,1300000
169,160,Abu-Abu,Tipe1,Biasa,1,12/13/2020,12/20/2020,1200000
170,160,Coklat,Tipe1,Biasa,1,12/13/2020,12/20/2020,1200000
171,160,Abu-Abu,Tipe2,Biasa,1,12/13/2020,12/20/2020,700000
172,160,Coklat,Tipe2,Biasa,1,12/13/2020,12/20/2020,700000
173,140,Hitam,Tipe2,Biasa,1,12/13/2020,12/20/2020,700000
174,160,Abu-Abu,Tipe3,Biasa,1,12/13/2020,12/20/2020,1100000
175,160,Abu-Abu,Tipe3,Biasa,1,12/13/2020,12/20/2020,1100000
176,180,Abu-Abu,Tipe3,Biasa,1,12/13/2020,12/20/2020,1100000
177,140,Hitam,Tipe4,Biasa,1,12/13/2020,12/20/2020,1300000
178,160,Hitam,Tipe4,Biasa,1,12/13/2020,12/20/2020,1300000
179,140,Merah,Tipe4,Biasa,1,12/13/2020,12/20/2020,1300000
180,140,Merah,Tipe4,Biasa,1,12/13/2020,12/20/2020,1300000
181,160,Hitam,Tipe1,Laci,1,12/13/2020,12/20/2020,1500000
182,140,Abu-Abu,Tipe2,Laci,1,12/13/2020,12/20/2020,1000000
183,180,Abu-Abu,Tipe1,Biasa,2,12/14/2020,12/21/2020,1200000
184,160,Coklat,Tipe1,Biasa,2,12/14/2020,12/21/2020,1200000
185,140,Pink,Tipe1,Biasa,2,12/14/2020,12/21/2020,1200000
186,180,Pink,Tipe1,Biasa,2,12/14/2020,12/21/2020,1200000
187,160,Hitam,Tipe2,Biasa,2,12/14/2020,12/21/2020,700000
188,120,Pink,Tipe2,Biasa,2,12/14/2020,12/21/2020,700000
189,180,Coklat,Tipe3,Biasa,2,12/14/2020,12/21/2020,1100000
190,160,Hitam,Tipe3,Biasa,2,12/14/2020,12/21/2020,1100000
191,160,Hitam,Tipe3,Biasa,2,12/14/2020,12/21/2020,1100000
192,180,Hitam,Tipe4,Biasa,2,12/14/2020,12/21/2020,1300000
193,160,Pink,Tipe2,Laci,2,12/14/2020,12/21/2020,1000000
194,180,Abu-Abu,Tipe3,Laci,2,12/14/2020,12/21/2020,1400000
195,140,Hitam,Tipe3,Laci,2,12/14/2020,12/21/2020,1400000
196,140,Coklat,Tipe2,Permata,2,12/14/2020,12/21/2020,1300000
197,160,Coklat,Tipe1,Biasa,1,12/20/2020,12/27/2020,1200000
198,160,Coklat,Tipe1,Biasa,1,12/20/2020,12/27/2020,1200000
199,160,Hitam,Tipe1,Biasa,1,12/20/2020,12/27/2020,1200000
200,140,Abu-Abu,Tipe2,Biasa,1,12/20/2020,12/27/2020,700000
201,160,Hitam,Tipe2,Biasa,1,12/20/2020,12/27/2020,700000
202,160,Pink,Tipe2,Biasa,1,12/20/2020,12/27/2020,700000
203,160,Coklat,Tipe3,Biasa,1,12/20/2020,12/27/2020,1100000
204,160,Coklat,Tipe3,Biasa,1,12/20/2020,12/27/2020,1100000
205,160,Coklat,Tipe3,Biasa,1,12/20/2020,12/27/2020,1100000
206,180,Hitam,Tipe3,Biasa,1,12/20/2020,12/27/2020,1100000
207,160,Hitam,Tipe4,Biasa,1,12/20/2020,12/27/2020,1300000
208,160,Hitam,Tipe3,Laci,1,12/20/2020,12/27/2020,1400000
209,160,Coklat,Tipe2,Permata,1,12/20/2020,12/27/2020,1300000
210,160,Hitam,Tipe3,Permata,1,12/20/2020,12/27/2020,1700000
211,140,Abu-Abu,Tipe1,Biasa,2,12/21/2020,12/28/2020,1200000
212,140,Abu-Abu,Tipe1,Biasa,2,12/21/2020,12/28/2020,1200000
213,160,Abu-Abu,Tipe1,Biasa,2,12/21/2020,12/28/2020,1200000
214,140,Coklat,Tipe1,Biasa,2,12/21/2020,12/28/2020,1200000
215,140,Hitam,Tipe1,Biasa,2,12/21/2020,12/28/2020,1200000
216,140,Abu-Abu,Tipe2,Biasa,2,12/21/2020,12/28/2020,700000
217,160,Coklat,Tipe2,Biasa,2,12/21/2020,12/28/2020,700000
218,160,Coklat,Tipe2,Biasa,2,12/21/2020,12/28/2020,700000
219,160,Coklat,Tipe2,Biasa,2,12/21/2020,12/28/2020,700000
220,160,Hitam,Tipe2,Biasa,2,12/21/2020,12/28/2020,700000
221,160,Hitam,Tipe3,Biasa,2,12/21/2020,12/28/2020,1100000
222,180,Hitam,Tipe4,Laci,2,12/21/2020,12/28/2020,1600000
223,160,Abu-Abu,Tipe1,Permata,2,12/21/2020,12/28/2020,180000
224,140,Coklat,Tipe3,Permata,2,12/21/2020,12/28/2020,1700000
225,120,Hitam,Tipe1,Biasa,1,12/27/2020,1/3/2021,1200000
226,160,Hitam,Tipe1,Biasa,1,12/27/2020,1/3/2021,1200000
227,120,Merah,Tipe1,Biasa,1,12/27/2020,1/3/2021,1200000
228,160,Abu-Abu,Tipe2,Biasa,1,12/27/2020,1/3/2021,700000
229,180,Coklat,Tipe2,Biasa,1,12/27/2020,1/3/2021,700000
230,140,Hitam,Tipe2,Biasa,1,12/27/2020,1/3/2021,700000
231,160,Hitam,Tipe2,Biasa,1,12/27/2020,1/3/2021,700000
232,120,Merah,Tipe2,Biasa,1,12/27/2020,1/3/2021,700000
233,160,Abu-Abu,Tipe3,Biasa,1,12/27/2020,1/3/2021,1100000
234,120,Hitam,Tipe3,Biasa,1,12/27/2020,1/3/2021,1100000
235,160,Merah,Tipe4,Biasa,1,12/27/2020,1/3/2021,1300000
236,180,Pink,Tipe4,Biasa,1,12/27/2020,1/3/2021,1300000
237,140,Abu-Abu,Tipe2,Laci,1,12/27/2020,1/3/2021,1000000
238,160,Pink,Tipe4,Laci,1,12/27/2020,1/3/2021,1600000
239,120,Merah,Tipe1,Biasa,2,12/28/2020,1/4/2021,1200000
240,120,Abu-Abu,Tipe2,Biasa,2,12/28/2020,1/4/2021,700000
241,160,Hitam,Tipe2,Biasa,2,12/28/2020,1/4/2021,700000
242,160,Abu-Abu,Tipe3,Biasa,2,12/28/2020,1/4/2021,1100000
243,160,Coklat,Tipe3,Biasa,2,12/28/2020,1/4/2021,1100000
244,160,Hitam,Tipe3,Biasa,2,12/28/2020,1/4/2021,1100000
245,160,Hitam,Tipe3,Biasa,2,12/28/2020,1/4/2021,1100000
246,120,Hitam,Tipe4,Biasa,2,12/28/2020,1/4/2021,1300000
247,140,Hitam,Tipe4,Biasa,2,12/28/2020,1/4/2021,1300000
248,180,Hitam,Tipe4,Biasa,2,12/28/2020,1/4/2021,1300000
249,160,Pink,Tipe4,Biasa,2,12/28/2020,1/4/2021,1300000
250,160,Abu-Abu,Tipe3,Laci,2,12/28/2020,1/4/2021,1400000
251,140,Hitam,Tipe1,Permata,2,12/28/2020,1/4/2021,180000
252,160,Abu-Abu,Tipe3,Permata,2,12/28/2020,1/4/2021,1700000
253,160,Abu-Abu,Tipe1,Biasa,1,1/3/2021,1/10/2021,1200000
254,160,Abu-Abu,Tipe1,Biasa,1,1/3/2021,1/10/2021,1200000
255,160,Hitam,Tipe1,Biasa,1,1/3/2021,1/10/2021,1200000
256,120,Coklat,Tipe2,Biasa,1,1/3/2021,1/10/2021,700000
257,180,Coklat,Tipe2,Biasa,1,1/3/2021,1/10/2021,700000
258,160,Hitam,Tipe2,Biasa,1,1/3/2021,1/10/2021,700000
259,160,Coklat,Tipe3,Biasa,1,1/3/2021,1/10/2021,1100000
260,180,Coklat,Tipe3,Biasa,1,1/3/2021,1/10/2021,1100000
261,160,Hitam,Tipe3,Biasa,1,1/3/2021,1/10/2021,1100000
262,160,Pink,Tipe3,Biasa,1,1/3/2021,1/10/2021,1100000
263,180,Pink,Tipe3,Biasa,1,1/3/2021,1/10/2021,1100000
264,180,Hitam,Tipe4,Biasa,1,1/3/2021,1/10/2021,1300000
265,180,Hitam,Tipe4,Biasa,1,1/3/2021,1/10/2021,1300000
266,120,Coklat,Tipe2,Laci,1,1/3/2021,1/10/2021,1000000
267,140,Coklat,Tipe1,Biasa,2,1/4/2021,1/11/2021,1200000
268,160,Hitam,Tipe1,Biasa,2,1/4/2021,1/11/2021,1200000
269,160,Merah,Tipe1,Biasa,2,1/4/2021,1/11/2021,1200000
270,180,Hitam,Tipe2,Biasa,2,1/4/2021,1/11/2021,700000
271,140,Coklat,Tipe3,Biasa,2,1/4/2021,1/11/2021,1100000
272,140,Hitam,Tipe3,Biasa,2,1/4/2021,1/11/2021,1100000
273,160,Hitam,Tipe3,Biasa,2,1/4/2021,1/11/2021,1100000
274,160,Hitam,Tipe3,Biasa,2,1/4/2021,1/11/2021,1100000
275,120,Coklat,Tipe4,Biasa,2,1/4/2021,1/11/2021,1300000
276,160,Pink,Tipe4,Biasa,2,1/4/2021,1/11/2021,1300000
277,140,Hitam,Tipe2,Permata,2,1/4/2021,1/11/2021,1300000
278,180,Hitam,Tipe2,Permata,2,1/4/2021,1/11/2021,1300000
279,160,Coklat,Tipe3,Permata,2,1/4/2021,1/11/2021,1700000
280,180,Hitam,Tipe3,Permata,2,1/4/2021,1/11/2021,1700000
281,140,Abu-Abu,Tipe2,Biasa,3,1/5/2021,1/12/2021,700000
282,160,Coklat,Tipe2,Biasa,3,1/5/2021,1/12/2021,700000
283,160,Hitam,Tipe2,Biasa,3,1/5/2021,1/12/2021,700000
284,140,Coklat,Tipe3,Biasa,3,1/5/2021,1/12/2021,1100000
285,160,Hitam,Tipe3,Biasa,3,1/5/2021,1/12/2021,1100000
286,160,Hitam,Tipe4,Biasa,3,1/5/2021,1/12/2021,1300000
287,140,Merah,Tipe4,Biasa,3,1/5/2021,1/12/2021,1300000
288,160,Hitam,Tipe4,Laci,3,1/5/2021,1/12/2021,1600000
289,160,Hitam,Tipe1,Biasa,5,1/6/2021,1/13/2021,1200000
290,180,Hitam,Tipe1,Biasa,5,1/6/2021,1/13/2021,1200000
291,140,Merah,Tipe2,Biasa,5,1/6/2021,1/13/2021,700000
292,140,Hitam,Tipe3,Biasa,5,1/6/2021,1/13/2021,1100000
293,160,Coklat,Tipe4,Biasa,5,1/6/2021,1/13/2021,1300000
294,160,Hitam,Tipe1,Laci,5,1/6/2021,1/13/2021,1500000
295,160,Hitam,Tipe3,Laci,5,1/6/2021,1/13/2021,1400000
296,120,Abu-Abu,Tipe2,Permata,5,1/6/2021,1/13/2021,1300000
297,180,Abu-Abu,Tipe2,Biasa,1,1/10/2021,1/17/2021,700000
298,140,Coklat,Tipe2,Biasa,1,1/10/2021,1/17/2021,700000
299,140,Hitam,Tipe2,Biasa,1,1/10/2021,1/17/2021,700000
300,140,Merah,Tipe2,Biasa,1,1/10/2021,1/17/2021,700000
301,160,Pink,Tipe2,Biasa,1,1/10/2021,1/17/2021,700000
302,140,Abu-Abu,Tipe3,Biasa,1,1/10/2021,1/17/2021,1100000
303,160,Coklat,Tipe3,Biasa,1,1/10/2021,1/17/2021,1100000
304,140,Hitam,Tipe3,Biasa,1,1/10/2021,1/17/2021,1100000
305,180,Hitam,Tipe3,Biasa,1,1/10/2021,1/17/2021,1100000
306,160,Merah,Tipe3,Biasa,1,1/10/2021,1/17/2021,1100000
307,160,Hitam,Tipe4,Biasa,1,1/10/2021,1/17/2021,1300000
308,180,Coklat,Tipe3,Permata,1,1/10/2021,1/17/2021,1700000
309,160,Hitam,Tipe3,Permata,1,1/10/2021,1/17/2021,1700000
310,180,Hitam,Tipe4,Permata,1,1/10/2021,1/17/2021,1900000
311,140,Abu-Abu,Tipe1,Biasa,2,1/11/2021,1/18/2021,1200000
312,160,Abu-Abu,Tipe1,Biasa,2,1/11/2021,1/18/2021,1200000
313,140,Coklat,Tipe2,Biasa,2,1/11/2021,1/18/2021,700000
314,160,Coklat,Tipe2,Biasa,2,1/11/2021,1/18/2021,700000
315,160,Coklat,Tipe2,Biasa,2,1/11/2021,1/18/2021,700000
316,180,Coklat,Tipe2,Biasa,2,1/11/2021,1/18/2021,700000
317,120,Hitam,Tipe2,Biasa,2,1/11/2021,1/18/2021,700000
318,160,Pink,Tipe2,Biasa,2,1/11/2021,1/18/2021,700000
319,160,Pink,Tipe2,Biasa,2,1/11/2021,1/18/2021,700000
320,160,Abu-Abu,Tipe3,Biasa,2,1/11/2021,1/18/2021,1100000
321,180,Abu-Abu,Tipe3,Biasa,2,1/11/2021,1/18/2021,1100000
322,140,Hitam,Tipe3,Biasa,2,1/11/2021,1/18/2021,1100000
323,180,Coklat,Tipe4,Biasa,2,1/11/2021,1/18/2021,1300000
324,160,Hitam,Tipe4,Permata,2,1/11/2021,1/18/2021,1900000
325,160,Abu-Abu,Tipe1,Biasa,3,1/12/2021,1/19/2021,1200000
326,120,Coklat,Tipe1,Biasa,3,1/12/2021,1/19/2021,1200000
327,160,Hitam,Tipe1,Biasa,3,1/12/2021,1/19/2021,1200000
328,180,Hitam,Tipe2,Biasa,3,1/12/2021,1/19/2021,700000
329,180,Abu-Abu,Tipe3,Biasa,3,1/12/2021,1/19/2021,1100000
330,140,Coklat,Tipe3,Biasa,3,1/12/2021,1/19/2021,1100000
331,160,Coklat,Tipe3,Biasa,3,1/12/2021,1/19/2021,1100000
332,160,Hitam,Tipe3,Biasa,3,1/12/2021,1/19/2021,1100000
333,180,Hitam,Tipe3,Biasa,3,1/12/2021,1/19/2021,1100000
334,140,Hitam,Tipe4,Biasa,3,1/12/2021,1/19/2021,1300000
335,140,Hitam,Tipe4,Biasa,3,1/12/2021,1/19/2021,1300000
336,160,Hitam,Tipe1,Permata,3,1/12/2021,1/19/2021,180000
337,160,Hitam,Tipe2,Permata,3,1/12/2021,1/19/2021,1300000
338,180,Hitam,Tipe2,Permata,3,1/12/2021,1/19/2021,1300000
339,160,Coklat,Tipe1,Biasa,5,1/13/2021,1/20/2021,1200000
340,160,Hitam,Tipe1,Biasa,5,1/13/2021,1/20/2021,1200000
341,180,Hitam,Tipe1,Biasa,5,1/13/2021,1/20/2021,1200000
342,120,Hitam,Tipe2,Biasa,5,1/13/2021,1/20/2021,700000
343,160,Pink,Tipe2,Biasa,5,1/13/2021,1/20/2021,700000
344,120,Abu-Abu,Tipe3,Biasa,5,1/13/2021,1/20/2021,1100000
345,180,Abu-Abu,Tipe3,Biasa,5,1/13/2021,1/20/2021,1100000
346,160,Hitam,Tipe3,Biasa,5,1/13/2021,1/20/2021,1100000
347,160,Pink,Tipe3,Biasa,5,1/13/2021,1/20/2021,1100000
348,120,Pink,Tipe4,Biasa,5,1/13/2021,1/20/2021,1300000
349,140,Abu-Abu,Tipe1,Laci,5,1/13/2021,1/20/2021,1500000
350,160,Hitam,Tipe2,Laci,5,1/13/2021,1/20/2021,1000000
351,120,Abu-Abu,Tipe2,Permata,5,1/13/2021,1/20/2021,1300000
352,160,Coklat,Tipe3,Permata,5,1/13/2021,1/20/2021,1700000
353,180,Abu-Abu,Tipe1,Biasa,6,1/15/2021,1/22/2021,1200000
354,180,Coklat,Tipe1,Biasa,6,1/15/2021,1/22/2021,1200000
355,160,Hitam,Tipe1,Biasa,6,1/15/2021,1/22/2021,1200000
356,180,Hitam,Tipe2,Biasa,6,1/15/2021,1/22/2021,700000
357,180,Pink,Tipe2,Biasa,6,1/15/2021,1/22/2021,700000
358,160,Hitam,Tipe3,Biasa,6,1/15/2021,1/22/2021,1100000
359,180,Hitam,Tipe3,Biasa,6,1/15/2021,1/22/2021,1100000
360,180,Abu-Abu,Tipe4,Biasa,6,1/15/2021,1/22/2021,1300000
361,160,Coklat,Tipe4,Biasa,6,1/15/2021,1/22/2021,1300000
362,160,Pink,Tipe4,Biasa,6,1/15/2021,1/22/2021,1300000
363,140,Coklat,Tipe2,Permata,6,1/15/2021,1/22/2021,1300000
364,160,Hitam,Tipe4,Permata,6,1/15/2021,1/22/2021,1900000
365,160,Abu-Abu,Tipe1,Biasa,1,1/17/2021,1/24/2021,1200000
366,160,Coklat,Tipe1,Biasa,1,1/17/2021,1/24/2021,1200000
367,120,Abu-Abu,Tipe2,Biasa,1,1/17/2021,1/24/2021,700000
368,140,Hitam,Tipe2,Biasa,1,1/17/2021,1/24/2021,700000
369,160,Hitam,Tipe2,Biasa,1,1/17/2021,1/24/2021,700000
370,160,Hitam,Tipe2,Biasa,1,1/17/2021,1/24/2021,700000
371,180,Merah,Tipe2,Biasa,1,1/17/2021,1/24/2021,700000
372,120,Pink,Tipe2,Biasa,1,1/17/2021,1/24/2021,700000
373,160,Coklat,Tipe3,Biasa,1,1/17/2021,1/24/2021,1100000
374,180,Hitam,Tipe3,Biasa,1,1/17/2021,1/24/2021,1100000
375,160,Abu-Abu,Tipe4,Biasa,1,1/17/2021,1/24/2021,1300000
376,140,Hitam,Tipe1,Laci,1,1/17/2021,1/24/2021,1500000
377,120,Coklat,Tipe2,Laci,1,1/17/2021,1/24/2021,1000000
378,160,Coklat,Tipe4,Laci,1,1/17/2021,1/24/2021,1600000
379,180,Abu-Abu,Tipe1,Biasa,2,1/18/2021,1/25/2021,1200000
380,140,Coklat,Tipe1,Biasa,2,1/18/2021,1/25/2021,1200000
381,160,Hitam,Tipe1,Biasa,2,1/18/2021,1/25/2021,1200000
382,180,Abu-Abu,Tipe2,Biasa,2,1/18/2021,1/25/2021,700000
383,160,Coklat,Tipe2,Biasa,2,1/18/2021,1/25/2021,700000
384,140,Hitam,Tipe2,Biasa,2,1/18/2021,1/25/2021,700000
385,120,Abu-Abu,Tipe3,Biasa,2,1/18/2021,1/25/2021,1100000
386,140,Abu-Abu,Tipe3,Biasa,2,1/18/2021,1/25/2021,1100000
387,180,Coklat,Tipe3,Biasa,2,1/18/2021,1/25/2021,1100000
388,140,Coklat,Tipe4,Biasa,2,1/18/2021,1/25/2021,1300000
389,160,Hitam,Tipe4,Biasa,2,1/18/2021,1/25/2021,1300000
390,160,Hitam,Tipe4,Biasa,2,1/18/2021,1/25/2021,1300000
391,140,Abu-Abu,Tipe1,Laci,2,1/18/2021,1/25/2021,1500000
392,140,Abu-Abu,Tipe3,Permata,2,1/18/2021,1/25/2021,1700000
393,120,Coklat,Tipe1,Biasa,3,1/19/2021,1/26/2021,1200000
394,160,Coklat,Tipe1,Biasa,3,1/19/2021,1/26/2021,1200000
395,180,Coklat,Tipe1,Biasa,3,1/19/2021,1/26/2021,1200000
396,160,Hitam,Tipe1,Biasa,3,1/19/2021,1/26/2021,1200000
397,180,Hitam,Tipe1,Biasa,3,1/19/2021,1/26/2021,1200000
398,180,Hitam,Tipe1,Biasa,3,1/19/2021,1/26/2021,1200000
399,160,Hitam,Tipe2,Biasa,3,1/19/2021,1/26/2021,700000
400,120,Pink,Tipe2,Biasa,3,1/19/2021,1/26/2021,700000
401,140,Hitam,Tipe3,Biasa,3,1/19/2021,1/26/2021,1100000
402,160,Coklat,Tipe4,Biasa,3,1/19/2021,1/26/2021,1300000
403,160,Hitam,Tipe4,Biasa,3,1/19/2021,1/26/2021,1300000
404,160,Hitam,Tipe2,Laci,3,1/19/2021,1/26/2021,1000000
405,160,Coklat,Tipe1,Permata,3,1/19/2021,1/26/2021,180000
406,160,Hitam,Tipe2,Permata,3,1/19/2021,1/26/2021,1300000
407,120,Hitam,Tipe1,Biasa,5,1/20/2021,1/27/2021,1200000
408,140,Hitam,Tipe1,Biasa,5,1/20/2021,1/27/2021,1200000
409,140,Coklat,Tipe2,Biasa,5,1/20/2021,1/27/2021,700000
410,180,Coklat,Tipe2,Biasa,5,1/20/2021,1/27/2021,700000
411,160,Hitam,Tipe2,Biasa,5,1/20/2021,1/27/2021,700000
412,160,Hitam,Tipe2,Biasa,5,1/20/2021,1/27/2021,700000
413,160,Hitam,Tipe2,Biasa,5,1/20/2021,1/27/2021,700000
414,180,Hitam,Tipe2,Biasa,5,1/20/2021,1/27/2021,700000
415,160,Abu-Abu,Tipe3,Biasa,5,1/20/2021,1/27/2021,1100000
416,180,Abu-Abu,Tipe3,Biasa,5,1/20/2021,1/27/2021,1100000
417,160,Pink,Tipe3,Biasa,5,1/20/2021,1/27/2021,1100000
418,160,Pink,Tipe3,Biasa,5,1/20/2021,1/27/2021,1100000
419,160,Hitam,Tipe4,Biasa,5,1/20/2021,1/27/2021,1300000
420,160,Hitam,Tipe4,Biasa,5,1/20/2021,1/27/2021,1300000
421,160,Abu-Abu,Tipe1,Biasa,6,1/22/2021,1/29/2021,1200000
422,160,Coklat,Tipe1,Biasa,6,1/22/2021,1/29/2021,1200000
423,160,Hitam,Tipe1,Biasa,6,1/22/2021,1/29/2021,1200000
424,160,Merah,Tipe1,Biasa,6,1/22/2021,1/29/2021,1200000
425,180,Coklat,Tipe2,Biasa,6,1/22/2021,1/29/2021,700000
426,160,Hitam,Tipe2,Biasa,6,1/22/2021,1/29/2021,700000
427,160,Pink,Tipe2,Biasa,6,1/22/2021,1/29/2021,700000
428,160,Coklat,Tipe3,Biasa,6,1/22/2021,1/29/2021,1100000
429,160,Coklat,Tipe3,Biasa,6,1/22/2021,1/29/2021,1100000
430,160,Hitam,Tipe4,Biasa,6,1/22/2021,1/29/2021,1300000
431,140,Pink,Tipe4,Biasa,6,1/22/2021,1/29/2021,1300000
432,180,Hitam,Tipe3,Laci,6,1/22/2021,1/29/2021,1400000
433,140,Merah,Tipe4,Laci,6,1/22/2021,1/29/2021,1600000
434,160,Hitam,Tipe2,Permata,6,1/22/2021,1/29/2021,1300000
435,140,Abu-Abu,Tipe2,Biasa,1,1/24/2021,1/31/2021,700000
436,160,Abu-Abu,Tipe2,Biasa,1,1/24/2021,1/31/2021,700000
437,160,Hitam,Tipe2,Biasa,1,1/24/2021,1/31/2021,700000
438,160,Abu-Abu,Tipe3,Biasa,1,1/24/2021,1/31/2021,1100000
439,180,Coklat,Tipe3,Biasa,1,1/24/2021,1/31/2021,1100000
440,120,Hitam,Tipe3,Biasa,1,1/24/2021,1/31/2021,1100000
441,180,Hitam,Tipe3,Biasa,1,1/24/2021,1/31/2021,1100000
442,180,Hitam,Tipe3,Biasa,1,1/24/2021,1/31/2021,1100000
443,160,Hitam,Tipe4,Biasa,1,1/24/2021,1/31/2021,1300000
444,160,Hitam,Tipe4,Biasa,1,1/24/2021,1/31/2021,1300000
445,180,Pink,Tipe1,Laci,1,1/24/2021,1/31/2021,1500000
446,140,Hitam,Tipe2,Permata,1,1/24/2021,1/31/2021,1300000
447,140,Merah,Tipe3,Permata,1,1/24/2021,1/31/2021,1700000
448,160,Coklat,Tipe4,Permata,1,1/24/2021,1/31/2021,1900000
449,160,Hitam,Tipe1,Biasa,2,1/25/2021,2/1/2021,1200000
450,160,Hitam,Tipe1,Biasa,2,1/25/2021,2/1/2021,1200000
451,180,Abu-Abu,Tipe2,Biasa,2,1/25/2021,2/1/2021,700000
452,160,Hitam,Tipe2,Biasa,2,1/25/2021,2/1/2021,700000
453,120,Merah,Tipe2,Biasa,2,1/25/2021,2/1/2021,700000
454,160,Pink,Tipe2,Biasa,2,1/25/2021,2/1/2021,700000
455,140,Coklat,Tipe3,Biasa,2,1/25/2021,2/1/2021,1100000
456,160,Hitam,Tipe3,Biasa,2,1/25/2021,2/1/2021,1100000
457,160,Pink,Tipe3,Biasa,2,1/25/2021,2/1/2021,1100000
458,180,Abu-Abu,Tipe4,Biasa,2,1/25/2021,2/1/2021,1300000
459,120,Hitam,Tipe4,Biasa,2,1/25/2021,2/1/2021,1300000
460,180,Hitam,Tipe4,Biasa,2,1/25/2021,2/1/2021,1300000
461,160,Hitam,Tipe1,Laci,2,1/25/2021,2/1/2021,1500000
462,180,Coklat,Tipe2,Laci,2,1/25/2021,2/1/2021,1000000
463,160,Abu-Abu,Tipe2,Biasa,3,1/26/2021,2/2/2021,700000
464,120,Coklat,Tipe2,Biasa,3,1/26/2021,2/2/2021,700000
465,180,Coklat,Tipe2,Biasa,3,1/26/2021,2/2/2021,700000
466,180,Abu-Abu,Tipe3,Biasa,3,1/26/2021,2/2/2021,1100000
467,140,Coklat,Tipe3,Biasa,3,1/26/2021,2/2/2021,1100000
468,160,Hitam,Tipe3,Biasa,3,1/26/2021,2/2/2021,1100000
469,160,Hitam,Tipe3,Biasa,3,1/26/2021,2/2/2021,1100000
470,160,Hitam,Tipe3,Biasa,3,1/26/2021,2/2/2021,1100000
471,160,Hitam,Tipe4,Biasa,3,1/26/2021,2/2/2021,1300000
472,180,Hitam,Tipe4,Biasa,3,1/26/2021,2/2/2021,1300000
473,140,Coklat,Tipe1,Laci,3,1/26/2021,2/2/2021,1500000
474,180,Pink,Tipe4,Laci,3,1/26/2021,2/2/2021,1600000
475,160,Hitam,Tipe1,Permata,3,1/26/2021,2/2/2021,180000
476,160,Hitam,Tipe3,Permata,3,1/26/2021,2/2/2021,1700000
477,140,Abu-Abu,Tipe1,Biasa,5,1/27/2021,2/3/2021,1200000
478,160,Hitam,Tipe1,Biasa,5,1/27/2021,2/3/2021,1200000
479,160,Hitam,Tipe1,Biasa,5,1/27/2021,2/3/2021,1200000
480,160,Coklat,Tipe2,Biasa,5,1/27/2021,2/3/2021,700000
481,120,Hitam,Tipe2,Biasa,5,1/27/2021,2/3/2021,700000
482,160,Hitam,Tipe2,Biasa,5,1/27/2021,2/3/2021,700000
483,160,Pink,Tipe2,Biasa,5,1/27/2021,2/3/2021,700000
484,180,Coklat,Tipe3,Biasa,5,1/27/2021,2/3/2021,1100000
485,160,Hitam,Tipe3,Biasa,5,1/27/2021,2/3/2021,1100000
486,180,Hitam,Tipe3,Biasa,5,1/27/2021,2/3/2021,1100000
487,160,Hitam,Tipe4,Biasa,5,1/27/2021,2/3/2021,1300000
488,160,Pink,Tipe4,Biasa,5,1/27/2021,2/3/2021,1300000
489,180,Hitam,Tipe2,Laci,5,1/27/2021,2/3/2021,1000000
490,140,Hitam,Tipe2,Permata,5,1/27/2021,2/3/2021,1300000
491,160,Abu-Abu,Tipe2,Biasa,6,1/29/2021,2/5/2021,700000
492,120,Hitam,Tipe2,Biasa,6,1/29/2021,2/5/2021,700000
493,160,Hitam,Tipe2,Biasa,6,1/29/2021,2/5/2021,700000
494,180,Abu-Abu,Tipe3,Biasa,6,1/29/2021,2/5/2021,1100000
495,180,Coklat,Tipe3,Biasa,6,1/29/2021,2/5/2021,1100000
496,160,Pink,Tipe3,Biasa,6,1/29/2021,2/5/2021,1100000
497,160,Hitam,Tipe4,Biasa,6,1/29/2021,2/5/2021,1300000
498,160,Hitam,Tipe4,Biasa,6,1/29/2021,2/5/2021,1300000
499,180,Pink,Tipe4,Biasa,6,1/29/2021,2/5/2021,1300000
500,180,Hitam,Tipe3,Laci,6,1/29/2021,2/5/2021,1400000
501,160,Coklat,Tipe4,Laci,6,1/29/2021,2/5/2021,1600000
502,120,Abu-Abu,Tipe1,Permata,6,1/29/2021,2/5/2021,180000
503,180,Abu-Abu,Tipe1,Permata,6,1/29/2021,2/5/2021,180000
504,160,Hitam,Tipe3,Permata,6,1/29/2021,2/5/2021,1700000
505,180,Abu-Abu,Tipe1,Biasa,1,1/31/2021,2/7/2021,1200000
506,140,Hitam,Tipe2,Biasa,1,1/31/2021,2/7/2021,700000
507,140,Hitam,Tipe2,Biasa,1,1/31/2021,2/7/2021,700000
508,180,Hitam,Tipe2,Biasa,1,1/31/2021,2/7/2021,700000
509,140,Coklat,Tipe3,Biasa,1,1/31/2021,2/7/2021,1100000
510,140,Hitam,Tipe3,Biasa,1,1/31/2021,2/7/2021,1100000
511,160,Merah,Tipe3,Biasa,1,1/31/2021,2/7/2021,1100000
512,160,Pink,Tipe3,Biasa,1,1/31/2021,2/7/2021,1100000
513,180,Coklat,Tipe4,Biasa,1,1/31/2021,2/7/2021,1300000
514,160,Hitam,Tipe4,Biasa,1,1/31/2021,2/7/2021,1300000
515,120,Hitam,Tipe2,Laci,1,1/31/2021,2/7/2021,1000000
516,140,Hitam,Tipe3,Laci,1,1/31/2021,2/7/2021,1400000
517,140,Abu-Abu,Tipe4,Laci,1,1/31/2021,2/7/2021,1600000
518,180,Coklat,Tipe2,Permata,1,1/31/2021,2/7/2021,1300000
519,180,Hitam,Tipe1,Biasa,2,2/1/2021,2/8/2021,1200000
520,180,Hitam,Tipe1,Biasa,2,2/1/2021,2/8/2021,1200000
521,180,Pink,Tipe1,Biasa,2,2/1/2021,2/8/2021,1200000
522,140,Abu-Abu,Tipe2,Biasa,2,2/1/2021,2/8/2021,700000
523,140,Coklat,Tipe2,Biasa,2,2/1/2021,2/8/2021,700000
524,180,Abu-Abu,Tipe3,Biasa,2,2/1/2021,2/8/2021,1100000
525,160,Coklat,Tipe3,Biasa,2,2/1/2021,2/8/2021,1100000
526,120,Coklat,Tipe4,Biasa,2,2/1/2021,2/8/2021,1300000
527,140,Abu-Abu,Tipe1,Laci,2,2/1/2021,2/8/2021,1500000
528,160,Coklat,Tipe2,Laci,2,2/1/2021,2/8/2021,1000000
529,140,Hitam,Tipe2,Laci,2,2/1/2021,2/8/2021,1000000
530,160,Hitam,Tipe2,Laci,2,2/1/2021,2/8/2021,1000000
531,140,Hitam,Tipe3,Laci,2,2/1/2021,2/8/2021,1400000
532,160,Hitam,Tipe3,Laci,2,2/1/2021,2/8/2021,1400000
533,180,Abu-Abu,Tipe1,Biasa,3,2/2/2021,2/9/2021,1200000
534,160,Coklat,Tipe1,Biasa,3,2/2/2021,2/9/2021,1200000
535,160,Coklat,Tipe1,Biasa,3,2/2/2021,2/9/2021,1200000
536,160,Hitam,Tipe1,Biasa,3,2/2/2021,2/9/2021,1200000
537,160,Hitam,Tipe1,Biasa,3,2/2/2021,2/9/2021,1200000
538,160,Pink,Tipe2,Biasa,3,2/2/2021,2/9/2021,700000
539,120,Abu-Abu,Tipe3,Biasa,3,2/2/2021,2/9/2021,1100000
540,160,Hitam,Tipe3,Biasa,3,2/2/2021,2/9/2021,1100000
541,160,Hitam,Tipe3,Biasa,3,2/2/2021,2/9/2021,1100000
542,140,Abu-Abu,Tipe4,Biasa,3,2/2/2021,2/9/2021,1300000
543,160,Coklat,Tipe4,Biasa,3,2/2/2021,2/9/2021,1300000
544,120,Abu-Abu,Tipe1,Laci,3,2/2/2021,2/9/2021,1500000
545,160,Coklat,Tipe3,Laci,3,2/2/2021,2/9/2021,1400000
546,160,Hitam,Tipe4,Permata,3,2/2/2021,2/9/2021,1900000
547,160,Abu-Abu,Tipe1,Biasa,5,2/3/2021,2/10/2021,1200000
548,160,Coklat,Tipe1,Biasa,5,2/3/2021,2/10/2021,1200000
549,120,Hitam,Tipe1,Biasa,5,2/3/2021,2/10/2021,1200000
550,160,Hitam,Tipe1,Biasa,5,2/3/2021,2/10/2021,1200000
551,160,Hitam,Tipe1,Biasa,5,2/3/2021,2/10/2021,1200000
552,160,Coklat,Tipe2,Biasa,5,2/3/2021,2/10/2021,700000
553,160,Hitam,Tipe2,Biasa,5,2/3/2021,2/10/2021,700000
554,160,Abu-Abu,Tipe3,Biasa,5,2/3/2021,2/10/2021,1100000
555,180,Abu-Abu,Tipe3,Biasa,5,2/3/2021,2/10/2021,1100000
556,180,Abu-Abu,Tipe3,Biasa,5,2/3/2021,2/10/2021,1100000
557,160,Hitam,Tipe3,Biasa,5,2/3/2021,2/10/2021,1100000
558,160,Hitam,Tipe3,Biasa,5,2/3/2021,2/10/2021,1100000
559,160,Hitam,Tipe3,Biasa,5,2/3/2021,2/10/2021,1100000
560,180,Coklat,Tipe1,Permata,5,2/3/2021,2/10/2021,180000
561,120,Hitam,Tipe1,Biasa,6,2/5/2021,2/12/2021,1200000
562,160,Merah,Tipe1,Biasa,6,2/5/2021,2/12/2021,1200000
563,160,Pink,Tipe1,Biasa,6,2/5/2021,2/12/2021,1200000
564,120,Coklat,Tipe2,Biasa,6,2/5/2021,2/12/2021,700000
565,140,Hitam,Tipe2,Biasa,6,2/5/2021,2/12/2021,700000
566,160,Hitam,Tipe2,Biasa,6,2/5/2021,2/12/2021,700000
567,160,Pink,Tipe2,Biasa,6,2/5/2021,2/12/2021,700000
568,140,Abu-Abu,Tipe3,Biasa,6,2/5/2021,2/12/2021,1100000
569,160,Abu-Abu,Tipe3,Biasa,6,2/5/2021,2/12/2021,1100000
570,180,Hitam,Tipe4,Biasa,6,2/5/2021,2/12/2021,1300000
571,120,Abu-Abu,Tipe3,Laci,6,2/5/2021,2/12/2021,1400000
572,160,Coklat,Tipe3,Laci,6,2/5/2021,2/12/2021,1400000
573,180,Abu-Abu,Tipe3,Permata,6,2/5/2021,2/12/2021,1700000
574,140,Hitam,Tipe3,Permata,6,2/5/2021,2/12/2021,1700000
575,180,Coklat,Tipe1,Biasa,1,2/7/2021,2/14/2021,1200000
576,180,Coklat,Tipe1,Biasa,1,2/7/2021,2/14/2021,1200000
577,180,Hitam,Tipe1,Biasa,1,2/7/2021,2/14/2021,1200000
578,180,Abu-Abu,Tipe2,Biasa,1,2/7/2021,2/14/2021,700000
579,140,Hitam,Tipe2,Biasa,1,2/7/2021,2/14/2021,700000
580,160,Hitam,Tipe2,Biasa,1,2/7/2021,2/14/2021,700000
581,180,Merah,Tipe2,Biasa,1,2/7/2021,2/14/2021,700000
582,140,Hitam,Tipe3,Biasa,1,2/7/2021,2/14/2021,1100000
583,180,Hitam,Tipe3,Biasa,1,2/7/2021,2/14/2021,1100000
584,140,Pink,Tipe3,Biasa,1,2/7/2021,2/14/2021,1100000
585,160,Pink,Tipe3,Biasa,1,2/7/2021,2/14/2021,1100000
586,140,Coklat,Tipe4,Biasa,1,2/7/2021,2/14/2021,1300000
587,180,Pink,Tipe1,Laci,1,2/7/2021,2/14/2021,1500000
588,160,Abu-Abu,Tipe1,Permata,1,2/7/2021,2/14/2021,180000
589,140,Coklat,Tipe1,Biasa,2,2/8/2021,2/15/2021,1200000
590,140,Coklat,Tipe2,Biasa,2,2/8/2021,2/15/2021,700000
591,160,Coklat,Tipe2,Biasa,2,2/8/2021,2/15/2021,700000
592,160,Hitam,Tipe2,Biasa,2,2/8/2021,2/15/2021,700000
593,140,Merah,Tipe2,Biasa,2,2/8/2021,2/15/2021,700000
594,160,Pink,Tipe2,Biasa,2,2/8/2021,2/15/2021,700000
595,180,Abu-Abu,Tipe3,Biasa,2,2/8/2021,2/15/2021,1100000
596,120,Coklat,Tipe3,Biasa,2,2/8/2021,2/15/2021,1100000
597,160,Hitam,Tipe3,Biasa,2,2/8/2021,2/15/2021,1100000
598,160,Hitam,Tipe4,Biasa,2,2/8/2021,2/15/2021,1300000
599,160,Abu-Abu,Tipe1,Laci,2,2/8/2021,2/15/2021,1500000
600,160,Coklat,Tipe1,Laci,2,2/8/2021,2/15/2021,1500000
601,160,Hitam,Tipe2,Laci,2,2/8/2021,2/15/2021,1000000
602,160,Pink,Tipe2,Laci,2,2/8/2021,2/15/2021,1000000
603,180,Abu-Abu,Tipe1,Biasa,3,2/9/2021,2/16/2021,1200000
604,120,Coklat,Tipe1,Biasa,3,2/9/2021,2/16/2021,1200000
605,160,Abu-Abu,Tipe2,Biasa,3,2/9/2021,2/16/2021,700000
606,120,Hitam,Tipe2,Biasa,3,2/9/2021,2/16/2021,700000
607,140,Hitam,Tipe2,Biasa,3,2/9/2021,2/16/2021,700000
608,140,Hitam,Tipe2,Biasa,3,2/9/2021,2/16/2021,700000
609,180,Hitam,Tipe2,Biasa,3,2/9/2021,2/16/2021,700000
610,180,Pink,Tipe2,Biasa,3,2/9/2021,2/16/2021,700000
611,120,Coklat,Tipe3,Biasa,3,2/9/2021,2/16/2021,1100000
612,180,Coklat,Tipe4,Biasa,3,2/9/2021,2/16/2021,1300000
613,140,Pink,Tipe4,Biasa,3,2/9/2021,2/16/2021,1300000
614,160,Hitam,Tipe3,Laci,3,2/9/2021,2/16/2021,1400000
615,180,Abu-Abu,Tipe3,Permata,3,2/9/2021,2/16/2021,1700000
616,180,Hitam,Tipe3,Permata,3,2/9/2021,2/16/2021,1700000
617,120,Abu-Abu,Tipe1,Biasa,5,2/10/2021,2/17/2021,1200000
618,140,Abu-Abu,Tipe1,Biasa,5,2/10/2021,2/17/2021,1200000
619,160,Abu-Abu,Tipe1,Biasa,5,2/10/2021,2/17/2021,1200000
620,180,Pink,Tipe1,Biasa,5,2/10/2021,2/17/2021,1200000
621,160,Abu-Abu,Tipe2,Biasa,5,2/10/2021,2/17/2021,700000
622,180,Abu-Abu,Tipe2,Biasa,5,2/10/2021,2/17/2021,700000
623,160,Hitam,Tipe3,Biasa,5,2/10/2021,2/17/2021,1100000
624,180,Hitam,Tipe3,Biasa,5,2/10/2021,2/17/2021,1100000
625,180,Pink,Tipe3,Biasa,5,2/10/2021,2/17/2021,1100000
626,160,Abu-Abu,Tipe4,Biasa,5,2/10/2021,2/17/2021,1300000
627,180,Pink,Tipe4,Biasa,5,2/10/2021,2/17/2021,1300000
628,140,Hitam,Tipe1,Laci,5,2/10/2021,2/17/2021,1500000
629,140,Hitam,Tipe2,Laci,5,2/10/2021,2/17/2021,1000000
630,180,Coklat,Tipe2,Permata,5,2/10/2021,2/17/2021,1300000
631,140,Abu-Abu,Tipe1,Biasa,6,2/12/2021,2/19/2021,1200000
632,160,Hitam,Tipe1,Biasa,6,2/12/2021,2/19/2021,1200000
633,160,Hitam,Tipe1,Biasa,6,2/12/2021,2/19/2021,1200000
634,160,Pink,Tipe1,Biasa,6,2/12/2021,2/19/2021,1200000
635,160,Abu-Abu,Tipe2,Biasa,6,2/12/2021,2/19/2021,700000
636,140,Hitam,Tipe2,Biasa,6,2/12/2021,2/19/2021,700000
637,140,Hitam,Tipe2,Biasa,6,2/12/2021,2/19/2021,700000
638,160,Hitam,Tipe2,Biasa,6,2/12/2021,2/19/2021,700000
639,160,Hitam,Tipe2,Biasa,6,2/12/2021,2/19/2021,700000
640,180,Hitam,Tipe2,Biasa,6,2/12/2021,2/19/2021,700000
641,160,Hitam,Tipe3,Biasa,6,2/12/2021,2/19/2021,1100000
642,160,Abu-Abu,Tipe4,Biasa,6,2/12/2021,2/19/2021,1300000
643,160,Abu-Abu,Tipe4,Biasa,6,2/12/2021,2/19/2021,1300000
644,160,Pink,Tipe4,Laci,6,2/12/2021,2/19/2021,1600000
645,180,Coklat,Tipe1,Biasa,1,2/14/2021,2/21/2021,1200000
646,160,Hitam,Tipe1,Biasa,1,2/14/2021,2/21/2021,1200000
647,180,Hitam,Tipe1,Biasa,1,2/14/2021,2/21/2021,1200000
648,140,Pink,Tipe1,Biasa,1,2/14/2021,2/21/2021,1200000
649,120,Coklat,Tipe2,Biasa,1,2/14/2021,2/21/2021,700000
650,160,Hitam,Tipe2,Biasa,1,2/14/2021,2/21/2021,700000
651,160,Abu-Abu,Tipe3,Biasa,1,2/14/2021,2/21/2021,1100000
652,180,Hitam,Tipe3,Biasa,1,2/14/2021,2/21/2021,1100000
653,160,Pink,Tipe3,Biasa,1,2/14/2021,2/21/2021,1100000
654,140,Abu-Abu,Tipe4,Biasa,1,2/14/2021,2/21/2021,1300000
655,160,Coklat,Tipe4,Biasa,1,2/14/2021,2/21/2021,1300000
656,160,Coklat,Tipe4,Biasa,1,2/14/2021,2/21/2021,1300000
657,120,Hitam,Tipe4,Laci,1,2/14/2021,2/21/2021,1600000
658,160,Coklat,Tipe2,Permata,1,2/14/2021,2/21/2021,1300000
659,140,Hitam,Tipe4,Biasa,2,2/15/2021,2/22/2021,1300000
660,140,Hitam,Tipe4,Biasa,2,2/15/2021,2/22/2021,1300000
661,140,Coklat,Tipe1,Biasa,3,2/16/2021,2/23/2021,1200000
662,160,Coklat,Tipe1,Biasa,3,2/16/2021,2/23/2021,1200000
663,160,Abu-Abu,Tipe2,Biasa,3,2/16/2021,2/23/2021,700000
664,140,Hitam,Tipe2,Biasa,3,2/16/2021,2/23/2021,700000
665,140,Hitam,Tipe3,Biasa,3,2/16/2021,2/23/2021,1100000
666,140,Coklat,Tipe4,Biasa,3,2/16/2021,2/23/2021,1300000
667,140,Coklat,Tipe4,Biasa,3,2/16/2021,2/23/2021,1300000
668,180,Coklat,Tipe4,Biasa,3,2/16/2021,2/23/2021,1300000
669,140,Hitam,Tipe4,Biasa,3,2/16/2021,2/23/2021,1300000
670,160,Hitam,Tipe4,Biasa,3,2/16/2021,2/23/2021,1300000
671,180,Hitam,Tipe4,Biasa,3,2/16/2021,2/23/2021,1300000
672,180,Pink,Tipe4,Biasa,3,2/16/2021,2/23/2021,1300000
673,160,Pink,Tipe3,Laci,3,2/16/2021,2/23/2021,1400000
674,180,Coklat,Tipe3,Permata,3,2/16/2021,2/23/2021,1700000
675,180,Coklat,Tipe1,Biasa,5,2/17/2021,2/24/2021,1200000
676,120,Hitam,Tipe1,Biasa,5,2/17/2021,2/24/2021,1200000
677,160,Hitam,Tipe1,Biasa,5,2/17/2021,2/24/2021,1200000
678,160,Pink,Tipe1,Biasa,5,2/17/2021,2/24/2021,1200000
679,160,Merah,Tipe2,Biasa,5,2/17/2021,2/24/2021,700000
680,180,Pink,Tipe2,Biasa,5,2/17/2021,2/24/2021,700000
681,160,Abu-Abu,Tipe3,Biasa,5,2/17/2021,2/24/2021,1100000
682,160,Hitam,Tipe3,Biasa,5,2/17/2021,2/24/2021,1100000
683,120,Pink,Tipe3,Biasa,5,2/17/2021,2/24/2021,1100000
684,160,Pink,Tipe3,Biasa,5,2/17/2021,2/24/2021,1100000
685,160,Abu-Abu,Tipe4,Biasa,5,2/17/2021,2/24/2021,1300000
686,160,Coklat,Tipe3,Permata,5,2/17/2021,2/24/2021,1700000
687,120,Hitam,Tipe3,Permata,5,2/17/2021,2/24/2021,1700000
688,160,Abu-Abu,Tipe4,Permata,5,2/17/2021,2/24/2021,1900000
689,160,Hitam,Tipe1,Biasa,4,2/18/2021,2/25/2021,1200000
690,180,Hitam,Tipe2,Biasa,4,2/18/2021,2/25/2021,700000
691,140,Coklat,Tipe3,Biasa,4,2/18/2021,2/25/2021,1100000
692,140,Abu-Abu,Tipe4,Biasa,4,2/18/2021,2/25/2021,1300000
693,180,Hitam,Tipe4,Biasa,4,2/18/2021,2/25/2021,1300000
694,180,Hitam,Tipe2,Permata,4,2/18/2021,2/25/2021,1300000
695,160,Hitam,Tipe3,Permata,4,2/18/2021,2/25/2021,1700000
696,160,Abu-Abu,Tipe3,Biasa,1,2/19/2021,2/26/2021,1100000
697,160,Coklat,Tipe4,Biasa,1,2/19/2021,2/26/2021,1300000
698,160,Coklat,Tipe4,Biasa,1,2/19/2021,2/26/2021,1300000
699,180,Coklat,Tipe4,Biasa,1,2/19/2021,2/26/2021,1300000
700,160,Hitam,Tipe1,Laci,1,2/19/2021,2/26/2021,1500000
701,180,Abu-Abu,Tipe3,Laci,1,2/19/2021,2/26/2021,1400000
702,160,Coklat,Tipe3,Laci,1,2/19/2021,2/26/2021,1400000
703,160,Abu-Abu,Tipe1,Biasa,6,2/19/2021,2/26/2021,1200000
704,160,Coklat,Tipe1,Biasa,6,2/19/2021,2/26/2021,1200000
705,140,Pink,Tipe1,Biasa,6,2/19/2021,2/26/2021,1200000
706,120,Abu-Abu,Tipe2,Biasa,6,2/19/2021,2/26/2021,700000
707,160,Coklat,Tipe2,Biasa,6,2/19/2021,2/26/2021,700000
708,160,Hitam,Tipe2,Biasa,6,2/19/2021,2/26/2021,700000
709,140,Merah,Tipe2,Biasa,6,2/19/2021,2/26/2021,700000
710,120,Hitam,Tipe3,Biasa,6,2/19/2021,2/26/2021,1100000
711,140,Hitam,Tipe3,Biasa,6,2/19/2021,2/26/2021,1100000
712,160,Hitam,Tipe3,Biasa,6,2/19/2021,2/26/2021,1100000
713,180,Merah,Tipe3,Laci,6,2/19/2021,2/26/2021,1400000
714,180,Abu-Abu,Tipe3,Permata,6,2/19/2021,2/26/2021,1700000
715,140,Hitam,Tipe3,Permata,6,2/19/2021,2/26/2021,1700000
716,120,Hitam,Tipe4,Permata,6,2/19/2021,2/26/2021,1900000
717,160,Abu-Abu,Tipe2,Biasa,1,2/21/2021,2/28/2021,700000
718,160,Abu-Abu,Tipe2,Biasa,1,2/21/2021,2/28/2021,700000
719,160,Coklat,Tipe2,Biasa,1,2/21/2021,2/28/2021,700000
720,160,Coklat,Tipe3,Biasa,1,2/21/2021,2/28/2021,1100000
721,160,Hitam,Tipe3,Biasa,1,2/21/2021,2/28/2021,1100000
722,160,Abu-Abu,Tipe4,Biasa,1,2/21/2021,2/28/2021,1300000
723,160,Abu-Abu,Tipe1,Laci,1,2/21/2021,2/28/2021,1500000
724,160,Hitam,Tipe1,Biasa,3,2/21/2021,2/28/2021,1200000
725,120,Hitam,Tipe2,Biasa,3,2/21/2021,2/28/2021,700000
726,180,Hitam,Tipe2,Biasa,3,2/21/2021,2/28/2021,700000
727,160,Hitam,Tipe3,Biasa,3,2/21/2021,2/28/2021,1100000
728,160,Pink,Tipe3,Biasa,3,2/21/2021,2/28/2021,1100000
729,160,Hitam,Tipe1,Laci,3,2/21/2021,2/28/2021,1500000
730,160,Hitam,Tipe2,Permata,3,2/21/2021,2/28/2021,1300000
731,180,Pink,Tipe1,Biasa,3,2/23/2021,3/2/2021,1200000
732,140,Abu-Abu,Tipe2,Biasa,3,2/23/2021,3/2/2021,700000
733,160,Hitam,Tipe2,Biasa,3,2/23/2021,3/2/2021,700000
734,140,Hitam,Tipe3,Biasa,3,2/23/2021,3/2/2021,1100000
735,140,Hitam,Tipe3,Biasa,3,2/23/2021,3/2/2021,1100000
736,180,Abu-Abu,Tipe3,Laci,3,2/23/2021,3/2/2021,1400000
737,160,Coklat,Tipe4,Laci,3,2/23/2021,3/2/2021,1600000
738,160,Hitam,Tipe1,Biasa,4,2/23/2021,3/2/2021,1200000
739,180,Hitam,Tipe1,Biasa,4,2/23/2021,3/2/2021,1200000
740,140,Pink,Tipe1,Biasa,4,2/23/2021,3/2/2021,1200000
741,180,Abu-Abu,Tipe2,Biasa,4,2/23/2021,3/2/2021,700000
742,180,Coklat,Tipe2,Biasa,4,2/23/2021,3/2/2021,700000
743,160,Hitam,Tipe3,Biasa,4,2/23/2021,3/2/2021,1100000
744,160,Hitam,Tipe4,Biasa,4,2/23/2021,3/2/2021,1300000
745,120,Coklat,Tipe2,Biasa,6,2/24/2021,3/3/2021,700000
746,140,Hitam,Tipe2,Biasa,6,2/24/2021,3/3/2021,700000
747,160,Abu-Abu,Tipe3,Biasa,6,2/24/2021,3/3/2021,1100000
748,160,Hitam,Tipe3,Biasa,6,2/24/2021,3/3/2021,1100000
749,160,Hitam,Tipe3,Biasa,6,2/24/2021,3/3/2021,1100000
750,180,Hitam,Tipe4,Biasa,6,2/24/2021,3/3/2021,1300000
751,120,Coklat,Tipe2,Permata,6,2/24/2021,3/3/2021,1300000
752,180,Abu-Abu,Tipe1,Biasa,4,2/25/2021,3/4/2021,1200000
753,140,Coklat,Tipe1,Biasa,4,2/25/2021,3/4/2021,1200000
754,160,Hitam,Tipe1,Biasa,4,2/25/2021,3/4/2021,1200000
755,180,Hitam,Tipe1,Biasa,4,2/25/2021,3/4/2021,1200000
756,140,Merah,Tipe1,Biasa,4,2/25/2021,3/4/2021,1200000
757,120,Coklat,Tipe2,Biasa,4,2/25/2021,3/4/2021,700000
758,120,Coklat,Tipe4,Biasa,4,2/25/2021,3/4/2021,1300000
759,160,Abu-Abu,Tipe1,Biasa,1,2/26/2021,3/5/2021,1200000
760,180,Hitam,Tipe1,Biasa,1,2/26/2021,3/5/2021,1200000
761,160,Abu-Abu,Tipe2,Biasa,1,2/26/2021,3/5/2021,700000
762,140,Hitam,Tipe2,Biasa,1,2/26/2021,3/5/2021,700000
763,160,Hitam,Tipe2,Biasa,1,2/26/2021,3/5/2021,700000
764,160,Merah,Tipe2,Biasa,1,2/26/2021,3/5/2021,700000
765,180,Coklat,Tipe3,Biasa,1,2/26/2021,3/5/2021,1100000
766,120,Hitam,Tipe3,Biasa,1,2/26/2021,3/5/2021,1100000
767,160,Merah,Tipe3,Biasa,1,2/26/2021,3/5/2021,1100000
768,160,Abu-Abu,Tipe4,Biasa,1,2/26/2021,3/5/2021,1300000
769,140,Coklat,Tipe4,Biasa,1,2/26/2021,3/5/2021,1300000
770,160,Pink,Tipe3,Laci,1,2/26/2021,3/5/2021,1400000
771,120,Coklat,Tipe1,Biasa,6,2/26/2021,3/5/2021,1200000
772,160,Coklat,Tipe1,Biasa,6,2/26/2021,3/5/2021,1200000
773,140,Hitam,Tipe1,Biasa,6,2/26/2021,3/5/2021,1200000
774,160,Coklat,Tipe2,Biasa,6,2/26/2021,3/5/2021,700000
775,140,Hitam,Tipe2,Biasa,6,2/26/2021,3/5/2021,700000
776,160,Merah,Tipe2,Biasa,6,2/26/2021,3/5/2021,700000
777,160,Hitam,Tipe3,Biasa,6,2/26/2021,3/5/2021,1100000
778,120,Hitam,Tipe1,Biasa,1,2/28/2021,3/7/2021,1200000
779,160,Abu-Abu,Tipe4,Biasa,1,2/28/2021,3/7/2021,1300000
780,140,Coklat,Tipe1,Biasa,3,2/28/2021,3/7/2021,1200000
781,120,Abu-Abu,Tipe2,Biasa,3,2/28/2021,3/7/2021,700000
782,160,Hitam,Tipe2,Biasa,3,2/28/2021,3/7/2021,700000
783,140,Hitam,Tipe3,Biasa,3,2/28/2021,3/7/2021,1100000
784,160,Hitam,Tipe3,Biasa,3,2/28/2021,3/7/2021,1100000
785,180,Hitam,Tipe3,Biasa,3,2/28/2021,3/7/2021,1100000
786,140,Merah,Tipe3,Biasa,3,2/28/2021,3/7/2021,1100000
787,160,Pink,Tipe3,Biasa,3,2/28/2021,3/7/2021,1100000
788,140,Coklat,Tipe4,Biasa,3,2/28/2021,3/7/2021,1300000
789,160,Hitam,Tipe4,Biasa,3,2/28/2021,3/7/2021,1300000
790,160,Hitam,Tipe4,Biasa,3,2/28/2021,3/7/2021,1300000
791,160,Merah,Tipe4,Biasa,3,2/28/2021,3/7/2021,1300000
792,160,Hitam,Tipe4,Biasa,3,3/2/2021,3/9/2021,1300000
793,160,Pink,Tipe2,Laci,3,3/2/2021,3/9/2021,1000000
794,160,Abu-Abu,Tipe1,Biasa,4,3/2/2021,3/9/2021,1200000
795,140,Coklat,Tipe1,Biasa,4,3/2/2021,3/9/2021,1200000
796,160,Hitam,Tipe1,Biasa,4,3/2/2021,3/9/2021,1200000
797,160,Coklat,Tipe2,Biasa,4,3/2/2021,3/9/2021,700000
798,140,Abu-Abu,Tipe3,Biasa,4,3/2/2021,3/9/2021,1100000
799,140,Abu-Abu,Tipe3,Biasa,4,3/2/2021,3/9/2021,1100000
800,160,Abu-Abu,Tipe3,Biasa,4,3/2/2021,3/9/2021,1100000
801,140,Hitam,Tipe3,Biasa,4,3/2/2021,3/9/2021,1100000
802,160,Pink,Tipe3,Biasa,4,3/2/2021,3/9/2021,1100000
803,180,Abu-Abu,Tipe4,Biasa,4,3/2/2021,3/9/2021,1300000
804,160,Hitam,Tipe4,Biasa,4,3/2/2021,3/9/2021,1300000
805,160,Coklat,Tipe2,Laci,4,3/2/2021,3/9/2021,1000000
806,160,Coklat,Tipe1,Biasa,6,3/3/2021,3/10/2021,1200000
807,180,Hitam,Tipe1,Biasa,6,3/3/2021,3/10/2021,1200000
808,160,Coklat,Tipe2,Biasa,6,3/3/2021,3/10/2021,700000
809,120,Hitam,Tipe2,Biasa,6,3/3/2021,3/10/2021,700000
810,140,Hitam,Tipe2,Biasa,6,3/3/2021,3/10/2021,700000
811,140,Hitam,Tipe2,Biasa,6,3/3/2021,3/10/2021,700000
812,140,Coklat,Tipe3,Biasa,6,3/3/2021,3/10/2021,1100000
813,120,Merah,Tipe1,Laci,6,3/3/2021,3/10/2021,1500000
814,160,Coklat,Tipe2,Laci,6,3/3/2021,3/10/2021,1000000
815,160,Abu-Abu,Tipe1,Permata,6,3/3/2021,3/10/2021,180000
816,160,Hitam,Tipe3,Permata,6,3/3/2021,3/10/2021,1700000
817,180,Hitam,Tipe4,Permata,6,3/3/2021,3/10/2021,1900000
818,180,Coklat,Tipe2,Biasa,4,3/4/2021,3/11/2021,700000
819,140,Hitam,Tipe2,Biasa,4,3/4/2021,3/11/2021,700000
820,160,Hitam,Tipe1,Biasa,1,3/5/2021,3/12/2021,1200000
821,140,Abu-Abu,Tipe2,Biasa,1,3/5/2021,3/12/2021,700000
822,160,Hitam,Tipe2,Biasa,1,3/5/2021,3/12/2021,700000
823,120,Abu-Abu,Tipe4,Biasa,1,3/5/2021,3/12/2021,1300000
824,120,Coklat,Tipe2,Laci,1,3/5/2021,3/12/2021,1000000
825,160,Coklat,Tipe2,Laci,1,3/5/2021,3/12/2021,1000000
826,160,Abu-Abu,Tipe3,Laci,1,3/5/2021,3/12/2021,1400000
827,160,Abu-Abu,Tipe1,Permata,1,3/5/2021,3/12/2021,180000
828,140,Pink,Tipe1,Permata,1,3/5/2021,3/12/2021,180000
829,160,Hitam,Tipe2,Permata,1,3/5/2021,3/12/2021,1300000
830,120,Hitam,Tipe3,Permata,1,3/5/2021,3/12/2021,1700000
831,140,Merah,Tipe4,Permata,1,3/5/2021,3/12/2021,1900000
832,180,Hitam,Tipe2,Biasa,6,3/5/2021,3/12/2021,700000
833,140,Pink,Tipe2,Biasa,6,3/5/2021,3/12/2021,700000
834,160,Pink,Tipe1,Biasa,1,3/7/2021,3/14/2021,1200000
835,160,Hitam,Tipe2,Laci,1,3/7/2021,3/14/2021,1000000
836,160,Coklat,Tipe1,Biasa,3,3/7/2021,3/14/2021,1200000
837,180,Hitam,Tipe2,Biasa,3,3/7/2021,3/14/2021,700000
838,160,Abu-Abu,Tipe3,Biasa,3,3/7/2021,3/14/2021,1100000
839,140,Coklat,Tipe3,Biasa,3,3/7/2021,3/14/2021,1100000
840,180,Coklat,Tipe3,Biasa,3,3/7/2021,3/14/2021,1100000
841,160,Hitam,Tipe3,Biasa,3,3/7/2021,3/14/2021,1100000
842,160,Pink,Tipe3,Biasa,3,3/7/2021,3/14/2021,1100000
843,140,Coklat,Tipe2,Laci,3,3/7/2021,3/14/2021,1000000
844,180,Abu-Abu,Tipe3,Laci,3,3/7/2021,3/14/2021,1400000
845,160,Abu-Abu,Tipe2,Permata,3,3/7/2021,3/14/2021,1300000
846,180,Abu-Abu,Tipe3,Permata,3,3/7/2021,3/14/2021,1700000
847,180,Merah,Tipe3,Permata,3,3/7/2021,3/14/2021,1700000
848,180,Abu-Abu,Tipe2,Biasa,3,3/9/2021,3/16/2021,700000
849,180,Hitam,Tipe3,Biasa,3,3/9/2021,3/16/2021,1100000
850,140,Abu-Abu,Tipe1,Biasa,4,3/9/2021,3/16/2021,1200000
851,160,Coklat,Tipe1,Biasa,4,3/9/2021,3/16/2021,1200000
852,160,Hitam,Tipe1,Biasa,4,3/9/2021,3/16/2021,1200000
853,160,Abu-Abu,Tipe3,Biasa,4,3/9/2021,3/16/2021,1100000
854,160,Coklat,Tipe3,Biasa,4,3/9/2021,3/16/2021,1100000
855,120,Hitam,Tipe3,Biasa,4,3/9/2021,3/16/2021,1100000
856,120,Hitam,Tipe3,Biasa,4,3/9/2021,3/16/2021,1100000
857,160,Pink,Tipe3,Biasa,4,3/9/2021,3/16/2021,1100000
858,160,Hitam,Tipe4,Biasa,4,3/9/2021,3/16/2021,1300000
859,160,Hitam,Tipe2,Laci,4,3/9/2021,3/16/2021,1000000
860,160,Hitam,Tipe3,Laci,4,3/9/2021,3/16/2021,1400000
861,120,Coklat,Tipe3,Permata,4,3/9/2021,3/16/2021,1700000
862,160,Abu-Abu,Tipe1,Biasa,6,3/10/2021,3/17/2021,1200000
863,160,Coklat,Tipe1,Biasa,6,3/10/2021,3/17/2021,1200000
864,160,Hitam,Tipe1,Biasa,6,3/10/2021,3/17/2021,1200000
865,140,Coklat,Tipe2,Biasa,6,3/10/2021,3/17/2021,700000
866,160,Coklat,Tipe2,Biasa,6,3/10/2021,3/17/2021,700000
867,180,Coklat,Tipe2,Biasa,6,3/10/2021,3/17/2021,700000
868,140,Abu-Abu,Tipe3,Biasa,6,3/10/2021,3/17/2021,1100000
869,140,Abu-Abu,Tipe3,Biasa,6,3/10/2021,3/17/2021,1100000
870,140,Hitam,Tipe3,Biasa,6,3/10/2021,3/17/2021,1100000
871,140,Hitam,Tipe3,Biasa,6,3/10/2021,3/17/2021,1100000
872,160,Hitam,Tipe3,Biasa,6,3/10/2021,3/17/2021,1100000
873,160,Merah,Tipe4,Biasa,6,3/10/2021,3/17/2021,1300000
874,160,Hitam,Tipe3,Biasa,4,3/11/2021,3/18/2021,1100000
875,140,Hitam,Tipe4,Biasa,4,3/11/2021,3/18/2021,1300000
876,180,Abu-Abu,Tipe1,Biasa,1,3/12/2021,3/19/2021,1200000
877,120,Hitam,Tipe1,Biasa,1,3/12/2021,3/19/2021,1200000
878,180,Pink,Tipe1,Biasa,1,3/12/2021,3/19/2021,1200000
879,160,Abu-Abu,Tipe2,Biasa,1,3/12/2021,3/19/2021,700000
880,160,Hitam,Tipe2,Biasa,1,3/12/2021,3/19/2021,700000
881,180,Pink,Tipe2,Biasa,1,3/12/2021,3/19/2021,700000
882,180,Coklat,Tipe3,Biasa,1,3/12/2021,3/19/2021,1100000
883,160,Hitam,Tipe3,Biasa,1,3/12/2021,3/19/2021,1100000
884,160,Hitam,Tipe4,Biasa,1,3/12/2021,3/19/2021,1300000
885,160,Hitam,Tipe3,Laci,1,3/12/2021,3/19/2021,1400000
886,140,Hitam,Tipe2,Permata,1,3/12/2021,3/19/2021,1300000
887,140,Abu-Abu,Tipe4,Permata,1,3/12/2021,3/19/2021,1900000
888,160,Hitam,Tipe1,Biasa,6,3/12/2021,3/19/2021,1200000
889,160,Abu-Abu,Tipe2,Biasa,6,3/12/2021,3/19/2021,700000
890,140,Abu-Abu,Tipe1,Biasa,1,3/14/2021,3/21/2021,1200000
891,180,Hitam,Tipe4,Biasa,1,3/14/2021,3/21/2021,1300000
892,180,Abu-Abu,Tipe1,Biasa,3,3/14/2021,3/21/2021,1200000
893,180,Hitam,Tipe1,Biasa,3,3/14/2021,3/21/2021,1200000
894,120,Abu-Abu,Tipe2,Biasa,3,3/14/2021,3/21/2021,700000
895,140,Abu-Abu,Tipe2,Biasa,3,3/14/2021,3/21/2021,700000
896,160,Hitam,Tipe2,Biasa,3,3/14/2021,3/21/2021,700000
897,160,Pink,Tipe3,Biasa,3,3/14/2021,3/21/2021,1100000
898,180,Abu-Abu,Tipe4,Biasa,3,3/14/2021,3/21/2021,1300000
899,160,Hitam,Tipe4,Laci,3,3/14/2021,3/21/2021,1600000
900,180,Abu-Abu,Tipe1,Permata,3,3/14/2021,3/21/2021,180000
901,120,Abu-Abu,Tipe2,Permata,3,3/14/2021,3/21/2021,1300000
902,140,Hitam,Tipe2,Permata,3,3/14/2021,3/21/2021,1300000
903,140,Abu-Abu,Tipe4,Permata,3,3/14/2021,3/21/2021,1900000
904,160,Hitam,Tipe3,Laci,3,3/16/2021,3/23/2021,1400000
905,180,Hitam,Tipe3,Laci,3,3/16/2021,3/23/2021,1400000
906,120,Pink,Tipe1,Biasa,4,3/16/2021,3/23/2021,1200000
907,160,Hitam,Tipe2,Biasa,4,3/16/2021,3/23/2021,700000
908,180,Hitam,Tipe2,Biasa,4,3/16/2021,3/23/2021,700000
909,120,Abu-Abu,Tipe3,Biasa,4,3/16/2021,3/23/2021,1100000
910,140,Abu-Abu,Tipe3,Biasa,4,3/16/2021,3/23/2021,1100000
911,160,Abu-Abu,Tipe3,Biasa,4,3/16/2021,3/23/2021,1100000
912,180,Abu-Abu,Tipe3,Biasa,4,3/16/2021,3/23/2021,1100000
913,160,Coklat,Tipe3,Biasa,4,3/16/2021,3/23/2021,1100000
914,180,Hitam,Tipe3,Biasa,4,3/16/2021,3/23/2021,1100000
915,160,Pink,Tipe3,Biasa,4,3/16/2021,3/23/2021,1100000
916,140,Hitam,Tipe4,Biasa,4,3/16/2021,3/23/2021,1300000
917,120,Hitam,Tipe4,Permata,4,3/16/2021,3/23/2021,1900000
918,120,Hitam,Tipe1,Biasa,6,3/17/2021,3/24/2021,1200000
919,120,Hitam,Tipe1,Biasa,6,3/17/2021,3/24/2021,1200000
920,180,Merah,Tipe1,Biasa,6,3/17/2021,3/24/2021,1200000
921,160,Pink,Tipe1,Biasa,6,3/17/2021,3/24/2021,1200000
922,180,Pink,Tipe1,Biasa,6,3/17/2021,3/24/2021,1200000
923,160,Hitam,Tipe2,Biasa,6,3/17/2021,3/24/2021,700000
924,140,Abu-Abu,Tipe3,Biasa,6,3/17/2021,3/24/2021,1100000
925,160,Coklat,Tipe3,Biasa,6,3/17/2021,3/24/2021,1100000
926,160,Coklat,Tipe3,Biasa,6,3/17/2021,3/24/2021,1100000
927,160,Hitam,Tipe4,Biasa,6,3/17/2021,3/24/2021,1300000
928,140,Coklat,Tipe4,Laci,6,3/17/2021,3/24/2021,1600000
929,160,Coklat,Tipe3,Permata,6,3/17/2021,3/24/2021,1700000
930,140,Abu-Abu,Tipe1,Biasa,1,3/18/2021,3/25/2021,1200000
931,160,Abu-Abu,Tipe1,Biasa,1,3/18/2021,3/25/2021,1200000
932,120,Abu-Abu,Tipe2,Biasa,1,3/18/2021,3/25/2021,700000
933,160,Abu-Abu,Tipe2,Biasa,1,3/18/2021,3/25/2021,700000
934,160,Abu-Abu,Tipe2,Biasa,1,3/18/2021,3/25/2021,700000
935,180,Abu-Abu,Tipe3,Biasa,1,3/18/2021,3/25/2021,1100000
936,140,Coklat,Tipe3,Biasa,1,3/18/2021,3/25/2021,1100000
937,160,Hitam,Tipe3,Biasa,1,3/18/2021,3/25/2021,1100000
938,180,Hitam,Tipe3,Biasa,1,3/18/2021,3/25/2021,1100000
939,140,Abu-Abu,Tipe4,Biasa,1,3/18/2021,3/25/2021,1300000
940,160,Merah,Tipe3,Laci,1,3/18/2021,3/25/2021,1400000
941,120,Hitam,Tipe2,Biasa,4,3/18/2021,3/25/2021,700000
942,160,Abu-Abu,Tipe3,Biasa,4,3/18/2021,3/25/2021,1100000
943,180,Hitam,Tipe1,Biasa,1,3/19/2021,3/26/2021,1200000
944,160,Hitam,Tipe2,Biasa,6,3/19/2021,3/26/2021,700000
945,160,Pink,Tipe2,Biasa,6,3/19/2021,3/26/2021,700000
946,160,Hitam,Tipe1,Biasa,1,3/20/2021,3/27/2021,1200000
947,160,Coklat,Tipe2,Biasa,1,3/20/2021,3/27/2021,700000
948,120,Coklat,Tipe1,Biasa,3,3/20/2021,3/27/2021,1200000
949,180,Coklat,Tipe2,Biasa,3,3/20/2021,3/27/2021,700000
950,180,Hitam,Tipe2,Biasa,3,3/20/2021,3/27/2021,700000
951,180,Abu-Abu,Tipe3,Biasa,3,3/20/2021,3/27/2021,1100000
952,160,Coklat,Tipe3,Biasa,3,3/20/2021,3/27/2021,1100000
953,160,Coklat,Tipe3,Biasa,3,3/20/2021,3/27/2021,1100000
954,160,Pink,Tipe3,Biasa,3,3/20/2021,3/27/2021,1100000
955,160,Hitam,Tipe4,Biasa,3,3/20/2021,3/27/2021,1300000
956,180,Merah,Tipe4,Biasa,3,3/20/2021,3/27/2021,1300000
957,160,Hitam,Tipe3,Laci,3,3/20/2021,3/27/2021,1400000
958,120,Hitam,Tipe2,Permata,3,3/20/2021,3/27/2021,1300000
959,160,Hitam,Tipe4,Biasa,3,3/21/2021,3/28/2021,1300000
960,160,Coklat,Tipe2,Biasa,3,3/22/2021,3/29/2021,700000
961,120,Hitam,Tipe2,Biasa,3,3/22/2021,3/29/2021,700000
962,160,Abu-Abu,Tipe3,Biasa,4,3/22/2021,3/29/2021,1100000
963,180,Abu-Abu,Tipe3,Biasa,4,3/22/2021,3/29/2021,1100000
964,180,Hitam,Tipe3,Biasa,4,3/22/2021,3/29/2021,1100000
965,180,Hitam,Tipe3,Biasa,4,3/22/2021,3/29/2021,1100000
966,160,Coklat,Tipe4,Biasa,4,3/22/2021,3/29/2021,1300000
967,140,Hitam,Tipe4,Biasa,4,3/22/2021,3/29/2021,1300000
968,180,Abu-Abu,Tipe1,Permata,4,3/22/2021,3/29/2021,180000
969,180,Hitam,Tipe1,Permata,4,3/22/2021,3/29/2021,180000
970,160,Abu-Abu,Tipe4,Permata,4,3/22/2021,3/29/2021,1900000
971,160,Coklat,Tipe3,Biasa,4,3/23/2021,3/30/2021,1100000
972,180,Abu-Abu,Tipe1,Biasa,6,3/23/2021,3/30/2021,1200000
973,160,Coklat,Tipe1,Biasa,6,3/23/2021,3/30/2021,1200000
974,160,Coklat,Tipe2,Biasa,6,3/23/2021,3/30/2021,700000
975,160,Pink,Tipe2,Biasa,6,3/23/2021,3/30/2021,700000
976,140,Coklat,Tipe3,Biasa,6,3/23/2021,3/30/2021,1100000
977,140,Hitam,Tipe3,Biasa,6,3/23/2021,3/30/2021,1100000
978,160,Abu-Abu,Tipe4,Biasa,6,3/23/2021,3/30/2021,1300000
979,140,Hitam,Tipe4,Biasa,6,3/23/2021,3/30/2021,1300000
980,160,Hitam,Tipe4,Biasa,6,3/23/2021,3/30/2021,1300000
981,160,Hitam,Tipe2,Laci,6,3/23/2021,3/30/2021,1000000
982,160,Hitam,Tipe3,Laci,6,3/23/2021,3/30/2021,1400000
983,160,Hitam,Tipe2,Biasa,1,3/24/2021,4/1/2021,700000
984,180,Coklat,Tipe3,Biasa,1,3/24/2021,4/2/2021,1100000
985,120,Pink,Tipe4,Biasa,1,3/24/2021,4/3/2021,1300000
986,160,Coklat,Tipe3,Laci,1,3/24/2021,4/4/2021,1400000
987,140,Hitam,Tipe1,Biasa,4,3/24/2021,3/31/2021,1200000
988,140,Abu-Abu,Tipe2,Biasa,4,3/24/2021,3/31/2021,700000
989,160,Coklat,Tipe3,Biasa,6,3/24/2021,3/31/2021,1100000
990,140,Hitam,Tipe2,Biasa,1,3/25/2021,4/1/2021,700000
991,160,Hitam,Tipe1,Biasa,6,3/25/2021,4/5/2021,1200000
992,140,Hitam,Tipe3,Biasa,6,3/25/2021,4/5/2021,1100000
993,160,Coklat,Tipe1,Biasa,3,3/26/2021,4/2/2021,1200000
994,140,Hitam,Tipe1,Biasa,3,3/26/2021,4/2/2021,1200000
995,180,Hitam,Tipe1,Biasa,3,3/26/2021,4/2/2021,1200000
996,180,Hitam,Tipe3,Biasa,3,3/26/2021,4/2/2021,1100000
997,160,Abu-Abu,Tipe2,Biasa,6,3/29/2021,4/5/2021,700000
998,140,Hitam,Tipe2,Biasa,6,3/29/2021,4/5/2021,700000
999,160,Hitam,Tipe2,Biasa,6,3/29/2021,4/5/2021,700000
1000,180,Hitam,Tipe3,Permata,6,3/29/2021,4/5/2021,1700000
